timestamp,local_time,city,country,continent,temp,humidity,description
1769067329,2026-01-22 02:35:29,New York,USA,North America,3.88,55,overcast clouds
1769067772,2026-01-21 23:42:52,Los Angeles,USA,North America,14.59,85,mist
1769067863,2026-01-21 23:44:23,San Francisco,USA,North America,11.78,81,broken clouds
1769067973,2026-01-22 02:46:13,Toronto,Canada,North America,-2.2,74,broken clouds
1769067974,2026-01-22 01:46:14,Mexico City,Mexico,North America,11.61,76,scattered clouds
1769067849,2026-01-22 07:44:09,London,UK,Europe,7.94,91,overcast clouds
1769067881,2026-01-22 08:44:41,Paris,France,Europe,8.81,84,overcast clouds
1769067975,2026-01-22 08:46:15,Berlin,Germany,Europe,-4.67,79,clear sky
1769067717,2026-01-22 08:41:57,Amsterdam,Netherlands,Europe,0.6,74,clear sky
1769067886,2026-01-22 08:44:46,Zurich,Switzerland,Europe,-2.41,96,fog
1769067896,2026-01-22 08:44:56,Madrid,Spain,Europe,4.97,77,scattered clouds
1769067977,2026-01-22 08:46:17,Rome,Italy,Europe,7.13,79,scattered clouds
1769067919,2026-01-22 09:45:19,Athens,Greece,Europe,11.09,93,broken clouds
1769067839,2026-01-22 08:43:59,Ljubljana,Slovenia,Europe,-4.44,83,broken clouds
1769067979,2026-01-22 08:46:19,Zagreb,Croatia,Europe,-2.41,83,mist
1769067980,2026-01-22 16:46:20,Tokyo,Japan,Asia,5.31,25,broken clouds
1769067980,2026-01-22 15:46:20,Hong Kong,China,Asia,13.97,59,few clouds
1769067981,2026-01-22 15:46:21,Singapore,Singapore,Asia,29.95,55,broken clouds
1769067981,2026-01-22 16:46:21,Seoul,South Korea,Asia,-4.24,33,clear sky
1769067982,2026-01-22 15:46:22,Shanghai,China,Asia,3.88,35,clear sky
1769067901,2026-01-22 13:15:01,Mumbai,India,Asia,30,48,smoke
1769067983,2026-01-22 14:46:23,Bangkok,Thailand,Asia,32.77,33,overcast clouds
1769067983,2026-01-22 11:46:23,Dubai,UAE,Asia,20.01,24,clear sky
1769067458,2026-01-22 09:37:38,Tel Aviv,Israel,Asia,18.93,31,clear sky
1769067984,2026-01-22 08:46:24,Abuja,Nigeria,Africa,21.24,49,scattered clouds
1769067985,2026-01-22 08:46:25,Rabat,Morocco,Africa,13.37,100,light rain
1769067889,2026-01-22 09:44:49,Cairo,Egypt,Africa,21.33,32,haze
1769067986,2026-01-22 09:46:26,Johannesburg,South Africa,Africa,20.05,71,broken clouds
1769067687,2026-01-22 10:41:27,Nairobi,Kenya,Africa,21.77,56,overcast clouds
1769067987,2026-01-22 04:46:27,Buenos Aires,Argentina,South America,21.89,65,clear sky
1769067988,2026-01-22 04:46:28,Rio de Janeiro,Brazil,South America,20.91,94,light rain
1769067988,2026-01-22 04:46:28,Santiago,Chile,South America,19.91,76,clear sky
1769067989,2026-01-22 02:46:29,Bogota,Colombia,South America,14.84,98,overcast clouds
1769067989,2026-01-22 02:46:29,Lima,Peru,South America,22.21,78,clear sky
1769067990,2026-01-22 18:46:30,Sydney,Australia,Oceania,20.44,63,overcast clouds
1769067990,2026-01-22 18:46:30,Melbourne,Australia,Oceania,18.97,50,clear sky
1769067991,2026-01-22 20:46:31,Auckland,New Zealand,Oceania,19.98,64,broken clouds
1769067991,2026-01-22 07:46:31,Reykjavik,Iceland,Europe,6.77,76,few clouds
1769067904,2026-01-21 21:45:04,Honolulu,USA,Oceania,21.77,60,overcast clouds
1769067992,2026-01-22 09:46:32,Cape Town,South Africa,Africa,22.97,61,broken clouds
1769070165,2026-01-22 03:22:45,New York,USA,North America,3.91,56,overcast clouds
1769069917,2026-01-22 00:18:37,Los Angeles,USA,North America,14.34,85,mist
1769069879,2026-01-22 00:17:59,San Francisco,USA,North America,11.77,82,broken clouds
1769070166,2026-01-22 03:22:46,Toronto,Canada,North America,-2.41,71,scattered clouds
1769070166,2026-01-22 02:22:46,Mexico City,Mexico,North America,9.94,76,few clouds
1769070166,2026-01-22 08:22:46,London,UK,Europe,7.9,91,light rain
1769070166,2026-01-22 09:22:46,Paris,France,Europe,8.92,85,overcast clouds
1769070166,2026-01-22 09:22:46,Berlin,Germany,Europe,-4.61,81,mist
1769070088,2026-01-22 09:21:28,Amsterdam,Netherlands,Europe,0.64,76,clear sky
1769070167,2026-01-22 09:22:47,Zurich,Switzerland,Europe,-2.96,94,overcast clouds
1769070167,2026-01-22 09:22:47,Madrid,Spain,Europe,5.15,75,few clouds
1769070167,2026-01-22 09:22:47,Rome,Italy,Europe,7.53,77,few clouds
1769070167,2026-01-22 10:22:47,Athens,Greece,Europe,11.49,92,broken clouds
1769070167,2026-01-22 09:22:47,Ljubljana,Slovenia,Europe,-4.07,82,broken clouds
1769070167,2026-01-22 09:22:47,Zagreb,Croatia,Europe,-2.41,83,mist
1769070117,2026-01-22 17:21:57,Tokyo,Japan,Asia,4.25,28,broken clouds
1769070167,2026-01-22 16:22:47,Hong Kong,China,Asia,14,58,few clouds
1769070167,2026-01-22 16:22:47,Singapore,Singapore,Asia,29.01,60,broken clouds
1769069866,2026-01-22 17:17:46,Seoul,South Korea,Asia,-5.18,39,clear sky
1769070168,2026-01-22 16:22:48,Shanghai,China,Asia,3.88,33,clear sky
1769070168,2026-01-22 13:52:48,Mumbai,India,Asia,30,48,smoke
1769070168,2026-01-22 15:22:48,Bangkok,Thailand,Asia,33.23,32,overcast clouds
1769070168,2026-01-22 12:22:48,Dubai,UAE,Asia,20.01,22,clear sky
1769070168,2026-01-22 10:22:48,Tel Aviv,Israel,Asia,18.16,33,clear sky
1769069994,2026-01-22 09:19:54,Abuja,Nigeria,Africa,27.55,17,scattered clouds
1769070168,2026-01-22 09:22:48,Rabat,Morocco,Africa,13.37,100,light rain
1769070169,2026-01-22 10:22:49,Cairo,Egypt,Africa,21.33,35,haze
1769070169,2026-01-22 10:22:49,Johannesburg,South Africa,Africa,20.65,69,broken clouds
1769070169,2026-01-22 11:22:49,Nairobi,Kenya,Africa,21.76,56,overcast clouds
1769070169,2026-01-22 05:22:49,Buenos Aires,Argentina,South America,20.44,72,clear sky
1769070099,2026-01-22 05:21:39,Rio de Janeiro,Brazil,South America,20.91,88,overcast clouds
1769070169,2026-01-22 05:22:49,Santiago,Chile,South America,19.9,77,clear sky
1769070169,2026-01-22 03:22:49,Bogota,Colombia,South America,14.84,98,overcast clouds
1769070169,2026-01-22 03:22:49,Lima,Peru,South America,22.21,78,clear sky
1769069794,2026-01-22 19:16:34,Sydney,Australia,Oceania,20.09,64,overcast clouds
1769070170,2026-01-22 19:22:50,Melbourne,Australia,Oceania,18.33,50,clear sky
1769070170,2026-01-22 21:22:50,Auckland,New Zealand,Oceania,19.71,65,broken clouds
1769070170,2026-01-22 08:22:50,Reykjavik,Iceland,Europe,6.77,76,few clouds
1769070170,2026-01-21 22:22:50,Honolulu,USA,Oceania,20.74,62,overcast clouds
1769070170,2026-01-22 10:22:50,Cape Town,South Africa,Africa,22.95,65,scattered clouds
1769073893,2026-01-22 04:24:53,New York,USA,North America,3.83,55,overcast clouds
1769073923,2026-01-22 01:25:23,Los Angeles,USA,North America,14.21,85,mist
1769073907,2026-01-22 01:25:07,San Francisco,USA,North America,11.24,80,broken clouds
1769073901,2026-01-22 04:25:01,Toronto,Canada,North America,-2.74,72,scattered clouds
1769074001,2026-01-22 03:26:41,Mexico City,Mexico,North America,8.94,81,clear sky
1769073590,2026-01-22 09:19:50,London,UK,Europe,7.96,92,overcast clouds
1769073910,2026-01-22 10:25:10,Paris,France,Europe,9.16,84,overcast clouds
1769073905,2026-01-22 10:25:05,Berlin,Germany,Europe,-3.89,79,clear sky
1769074002,2026-01-22 10:26:42,Amsterdam,Netherlands,Europe,1.45,74,clear sky
1769074002,2026-01-22 10:26:42,Zurich,Switzerland,Europe,-1.75,96,fog
1769073907,2026-01-22 10:25:07,Madrid,Spain,Europe,6.23,73,few clouds
1769074002,2026-01-22 10:26:42,Rome,Italy,Europe,9.29,72,clear sky
1769074002,2026-01-22 11:26:42,Athens,Greece,Europe,12.52,90,broken clouds
1769074003,2026-01-22 10:26:43,Ljubljana,Slovenia,Europe,-3.18,79,broken clouds
1769073952,2026-01-22 10:25:52,Zagreb,Croatia,Europe,-1.86,82,mist
1769074003,2026-01-22 18:26:43,Tokyo,Japan,Asia,3.47,30,overcast clouds
1769073777,2026-01-22 17:22:57,Hong Kong,China,Asia,13.85,59,few clouds
1769073433,2026-01-22 17:17:13,Singapore,Singapore,Asia,28.62,59,broken clouds
1769073792,2026-01-22 18:23:12,Seoul,South Korea,Asia,-6.24,45,clear sky
1769073991,2026-01-22 17:26:31,Shanghai,China,Asia,2.88,35,clear sky
1769074004,2026-01-22 14:56:44,Mumbai,India,Asia,30,35,smoke
1769074004,2026-01-22 16:26:44,Bangkok,Thailand,Asia,34.14,31,overcast clouds
1769074004,2026-01-22 13:26:44,Dubai,UAE,Asia,20.01,19,clear sky
1769073862,2026-01-22 11:24:22,Tel Aviv,Israel,Asia,20.11,34,clear sky
1769074004,2026-01-22 10:26:44,Abuja,Nigeria,Africa,29.98,15,scattered clouds
1769074004,2026-01-22 10:26:44,Rabat,Morocco,Africa,14.37,100,light rain
1769073821,2026-01-22 11:23:41,Cairo,Egypt,Africa,22.33,33,haze
1769073822,2026-01-22 11:23:42,Johannesburg,South Africa,Africa,22.28,64,scattered clouds
1769073788,2026-01-22 12:23:08,Nairobi,Kenya,Africa,24.71,44,broken clouds
1769073833,2026-01-22 06:23:53,Buenos Aires,Argentina,South America,21.29,70,clear sky
1769073993,2026-01-22 06:26:33,Rio de Janeiro,Brazil,South America,20.97,94,light rain
1769073798,2026-01-22 06:23:18,Santiago,Chile,South America,19.67,78,clear sky
1769073860,2026-01-22 04:24:20,Bogota,Colombia,South America,14.61,98,overcast clouds
1769073952,2026-01-22 04:25:52,Lima,Peru,South America,22.21,83,clear sky
1769073804,2026-01-22 20:23:24,Sydney,Australia,Oceania,19.94,65,overcast clouds
1769073774,2026-01-22 20:22:54,Melbourne,Australia,Oceania,16.77,56,scattered clouds
1769074006,2026-01-22 22:26:46,Auckland,New Zealand,Oceania,19.48,66,broken clouds
1769074006,2026-01-22 09:26:46,Reykjavik,Iceland,Europe,6.77,81,few clouds
1769073902,2026-01-21 23:25:02,Honolulu,USA,Oceania,21.16,67,overcast clouds
1769073782,2026-01-22 11:23:02,Cape Town,South Africa,Africa,23.95,52,few clouds
1769076998,2026-01-22 05:16:38,New York,USA,North America,3.74,55,broken clouds
1769076962,2026-01-22 02:16:02,Los Angeles,USA,North America,14.15,87,few clouds
1769077200,2026-01-22 02:20:00,San Francisco,USA,North America,10.79,82,broken clouds
1769076551,2026-01-22 05:09:11,Toronto,Canada,North America,-2.86,75,broken clouds
1769077070,2026-01-22 04:17:50,Mexico City,Mexico,North America,7.94,87,clear sky
1769077018,2026-01-22 10:16:58,London,UK,Europe,8.44,91,overcast clouds
1769077154,2026-01-22 11:19:14,Paris,France,Europe,9.51,83,overcast clouds
1769077162,2026-01-22 11:19:22,Berlin,Germany,Europe,-2.78,83,clear sky
1769077271,2026-01-22 11:21:11,Amsterdam,Netherlands,Europe,2.2,74,clear sky
1769077056,2026-01-22 11:17:36,Zurich,Switzerland,Europe,0.43,96,overcast clouds
1769077079,2026-01-22 11:17:59,Madrid,Spain,Europe,7.25,69,few clouds
1769077102,2026-01-22 11:18:22,Rome,Italy,Europe,10.51,64,clear sky
1769077271,2026-01-22 12:21:11,Athens,Greece,Europe,13.73,85,scattered clouds
1769077271,2026-01-22 11:21:11,Ljubljana,Slovenia,Europe,-1.59,72,broken clouds
1769077271,2026-01-22 11:21:11,Zagreb,Croatia,Europe,-1.3,79,mist
1769077271,2026-01-22 19:21:11,Tokyo,Japan,Asia,3.12,31,few clouds
1769077271,2026-01-22 18:21:11,Hong Kong,China,Asia,13.16,65,few clouds
1769077272,2026-01-22 18:21:12,Singapore,Singapore,Asia,28.07,60,broken clouds
1769077272,2026-01-22 19:21:12,Seoul,South Korea,Asia,-7.24,49,clear sky
1769077050,2026-01-22 18:17:30,Shanghai,China,Asia,2.95,35,clear sky
1769077272,2026-01-22 15:51:12,Mumbai,India,Asia,29,39,smoke
1769077272,2026-01-22 17:21:12,Bangkok,Thailand,Asia,32.14,33,overcast clouds
1769077272,2026-01-22 14:21:12,Dubai,UAE,Asia,21.01,23,clear sky
1769077059,2026-01-22 12:17:39,Tel Aviv,Israel,Asia,20.96,34,clear sky
1769077272,2026-01-22 11:21:12,Abuja,Nigeria,Africa,32.21,15,broken clouds
1769077251,2026-01-22 11:20:51,Rabat,Morocco,Africa,15.37,100,light rain
1769077272,2026-01-22 12:21:12,Cairo,Egypt,Africa,22.33,28,haze
1769077272,2026-01-22 12:21:12,Johannesburg,South Africa,Africa,23.89,62,scattered clouds
1769077272,2026-01-22 13:21:12,Nairobi,Kenya,Africa,25.22,39,overcast clouds
1769077024,2026-01-22 07:17:04,Buenos Aires,Argentina,South America,21.52,70,clear sky
1769077250,2026-01-22 07:20:50,Rio de Janeiro,Brazil,South America,21.91,88,moderate rain
1769077223,2026-01-22 07:20:23,Santiago,Chile,South America,19.44,79,clear sky
1769077273,2026-01-22 05:21:13,Bogota,Colombia,South America,12.49,99,fog
1769077273,2026-01-22 05:21:13,Lima,Peru,South America,22.21,83,scattered clouds
1769076994,2026-01-22 21:16:34,Sydney,Australia,Oceania,19.72,63,overcast clouds
1769077273,2026-01-22 21:21:13,Melbourne,Australia,Oceania,16.04,59,scattered clouds
1769077273,2026-01-22 23:21:13,Auckland,New Zealand,Oceania,19.38,66,broken clouds
1769077273,2026-01-22 10:21:13,Reykjavik,Iceland,Europe,6.77,70,few clouds
1769077219,2026-01-22 00:20:19,Honolulu,USA,Oceania,21.14,68,clear sky
1769077273,2026-01-22 12:21:13,Cape Town,South Africa,Africa,24.92,54,few clouds
1769080217,2026-01-22 06:10:17,New York,USA,North America,3.61,58,clear sky
1769080517,2026-01-22 03:15:17,Los Angeles,USA,North America,14.02,86,mist
1769080402,2026-01-22 03:13:22,San Francisco,USA,North America,10.98,82,broken clouds
1769080309,2026-01-22 06:11:49,Toronto,Canada,North America,-3.08,82,overcast clouds
1769080694,2026-01-22 05:18:14,Mexico City,Mexico,North America,6.94,87,clear sky
1769080568,2026-01-22 11:16:08,London,UK,Europe,8.76,90,broken clouds
1769080535,2026-01-22 12:15:35,Paris,France,Europe,10.22,80,overcast clouds
1769080508,2026-01-22 12:15:08,Berlin,Germany,Europe,-0.47,74,clear sky
1769080694,2026-01-22 12:18:14,Amsterdam,Netherlands,Europe,3.16,71,clear sky
1769080631,2026-01-22 12:17:11,Zurich,Switzerland,Europe,0.03,97,mist
1769080694,2026-01-22 12:18:14,Madrid,Spain,Europe,8.05,65,few clouds
1769080608,2026-01-22 12:16:48,Rome,Italy,Europe,11.74,59,clear sky
1769080599,2026-01-22 13:16:39,Athens,Greece,Europe,14.37,84,scattered clouds
1769080694,2026-01-22 12:18:14,Ljubljana,Slovenia,Europe,0.07,67,clear sky
1769080694,2026-01-22 12:18:14,Zagreb,Croatia,Europe,-0.75,78,mist
1769080694,2026-01-22 20:18:14,Tokyo,Japan,Asia,1.77,32,clear sky
1769080694,2026-01-22 19:18:14,Hong Kong,China,Asia,13.04,70,few clouds
1769080689,2026-01-22 19:18:09,Singapore,Singapore,Asia,27.13,63,broken clouds
1769080695,2026-01-22 20:18:15,Seoul,South Korea,Asia,-8.24,57,few clouds
1769080650,2026-01-22 19:17:30,Shanghai,China,Asia,1.95,41,clear sky
1769080695,2026-01-22 16:48:15,Mumbai,India,Asia,29,48,smoke
1769080695,2026-01-22 18:18:15,Bangkok,Thailand,Asia,31.38,36,overcast clouds
1769080695,2026-01-22 15:18:15,Dubai,UAE,Asia,20.01,28,clear sky
1769080421,2026-01-22 13:13:41,Tel Aviv,Israel,Asia,18.97,44,overcast clouds
1769080695,2026-01-22 12:18:15,Abuja,Nigeria,Africa,33.24,18,broken clouds
1769080695,2026-01-22 12:18:15,Rabat,Morocco,Africa,16.37,100,light rain
1769080465,2026-01-22 13:14:25,Cairo,Egypt,Africa,23.33,23,haze
1769080695,2026-01-22 13:18:15,Johannesburg,South Africa,Africa,24.75,58,scattered clouds
1769080388,2026-01-22 14:13:08,Nairobi,Kenya,Africa,26.2,34,overcast clouds
1769080695,2026-01-22 08:18:15,Buenos Aires,Argentina,South America,21.36,72,clear sky
1769080695,2026-01-22 08:18:15,Rio de Janeiro,Brazil,South America,21.91,88,moderate rain
1769080506,2026-01-22 08:15:06,Santiago,Chile,South America,17.89,85,clear sky
1769080695,2026-01-22 06:18:15,Bogota,Colombia,South America,12.05,99,broken clouds
1769080696,2026-01-22 06:18:16,Lima,Peru,South America,22.21,83,scattered clouds
1769080696,2026-01-22 22:18:16,Sydney,Australia,Oceania,19.61,64,overcast clouds
1769080201,2026-01-22 22:10:01,Melbourne,Australia,Oceania,15.45,61,few clouds
1769080696,2026-01-23 00:18:16,Auckland,New Zealand,Oceania,19.17,66,broken clouds
1769080696,2026-01-22 11:18:16,Reykjavik,Iceland,Europe,7.77,53,scattered clouds
1769080696,2026-01-22 01:18:16,Honolulu,USA,Oceania,20,73,overcast clouds
1769080696,2026-01-22 13:18:16,Cape Town,South Africa,Africa,24.86,52,few clouds
1769084728,2026-01-22 07:25:28,New York,USA,North America,3.29,57,broken clouds
1769085000,2026-01-22 04:30:00,Los Angeles,USA,North America,13.73,89,mist
1769085234,2026-01-22 04:33:54,San Francisco,USA,North America,10.59,83,broken clouds
1769084728,2026-01-22 07:25:28,Toronto,Canada,North America,-3.03,83,broken clouds
1769085031,2026-01-22 06:30:31,Mexico City,Mexico,North America,5.94,93,clear sky
1769085116,2026-01-22 12:31:56,London,UK,Europe,9.09,88,overcast clouds
1769085235,2026-01-22 13:33:55,Paris,France,Europe,10.13,82,overcast clouds
1769084773,2026-01-22 13:26:13,Berlin,Germany,Europe,0.11,69,clear sky
1769085235,2026-01-22 13:33:55,Amsterdam,Netherlands,Europe,3.66,70,clear sky
1769085236,2026-01-22 13:33:56,Zurich,Switzerland,Europe,2.49,89,mist
1769085030,2026-01-22 13:30:30,Madrid,Spain,Europe,8.49,65,few clouds
1769084974,2026-01-22 13:29:34,Rome,Italy,Europe,12.86,55,clear sky
1769085236,2026-01-22 14:33:56,Athens,Greece,Europe,15,77,broken clouds
1769085236,2026-01-22 13:33:56,Ljubljana,Slovenia,Europe,-0.52,64,few clouds
1769085236,2026-01-22 13:33:56,Zagreb,Croatia,Europe,-0.19,76,few clouds
1769085236,2026-01-22 21:33:56,Tokyo,Japan,Asia,1.63,34,clear sky
1769084982,2026-01-22 20:29:42,Hong Kong,China,Asia,11.79,67,few clouds
1769085193,2026-01-22 20:33:13,Singapore,Singapore,Asia,26.67,68,broken clouds
1769085236,2026-01-22 21:33:56,Seoul,South Korea,Asia,-9.24,53,clear sky
1769085225,2026-01-22 20:33:45,Shanghai,China,Asia,1.88,41,clear sky
1769085192,2026-01-22 18:03:12,Mumbai,India,Asia,28,47,smoke
1769085237,2026-01-22 19:33:57,Bangkok,Thailand,Asia,30.29,38,overcast clouds
1769084597,2026-01-22 16:23:17,Dubai,UAE,Asia,19.01,32,clear sky
1769085237,2026-01-22 14:33:57,Tel Aviv,Israel,Asia,20.8,32,clear sky
1769085237,2026-01-22 13:33:57,Abuja,Nigeria,Africa,34.24,21,haze
1769085237,2026-01-22 13:33:57,Rabat,Morocco,Africa,17.37,88,broken clouds
1769085237,2026-01-22 14:33:57,Cairo,Egypt,Africa,22.33,33,haze
1769085106,2026-01-22 14:31:46,Johannesburg,South Africa,Africa,23.76,60,overcast clouds
1769085237,2026-01-22 15:33:57,Nairobi,Kenya,Africa,27.02,29,broken clouds
1769085032,2026-01-22 09:30:32,Buenos Aires,Argentina,South America,23.29,68,clear sky
1769085238,2026-01-22 09:33:58,Rio de Janeiro,Brazil,South America,21.91,91,moderate rain
1769085238,2026-01-22 09:33:58,Santiago,Chile,South America,23.3,66,scattered clouds
1769085061,2026-01-22 07:31:01,Bogota,Colombia,South America,11.88,99,fog
1769085238,2026-01-22 07:33:58,Lima,Peru,South America,23.21,78,clear sky
1769085238,2026-01-22 23:33:58,Sydney,Australia,Oceania,19.38,63,overcast clouds
1769084569,2026-01-22 23:22:49,Melbourne,Australia,Oceania,14.71,66,few clouds
1769085238,2026-01-23 01:33:58,Auckland,New Zealand,Oceania,18.89,66,scattered clouds
1769085238,2026-01-22 12:33:58,Reykjavik,Iceland,Europe,7.77,57,heavy intensity rain
1769085026,2026-01-22 02:30:26,Honolulu,USA,Oceania,20.91,73,overcast clouds
1769084857,2026-01-22 14:27:37,Cape Town,South Africa,Africa,24.88,55,few clouds
1769088714,2026-01-22 08:31:54,New York,USA,North America,3.52,56,clear sky
1769088621,2026-01-22 05:30:21,Los Angeles,USA,North America,13.73,88,mist
1769089192,2026-01-22 05:39:52,San Francisco,USA,North America,10.3,84,broken clouds
1769088852,2026-01-22 08:34:12,Toronto,Canada,North America,-3.28,79,broken clouds
1769089012,2026-01-22 07:36:52,Mexico City,Mexico,North America,6.94,93,clear sky
1769089245,2026-01-22 13:40:45,London,UK,Europe,9.22,88,broken clouds
1769089294,2026-01-22 14:41:34,Paris,France,Europe,10.53,82,overcast clouds
1769089139,2026-01-22 14:38:59,Berlin,Germany,Europe,0.04,70,clear sky
1769089294,2026-01-22 14:41:34,Amsterdam,Netherlands,Europe,3.81,70,clear sky
1769089294,2026-01-22 14:41:34,Zurich,Switzerland,Europe,3.11,85,overcast clouds
1769089199,2026-01-22 14:39:59,Madrid,Spain,Europe,8.31,66,scattered clouds
1769089295,2026-01-22 14:41:35,Rome,Italy,Europe,13.29,54,clear sky
1769089295,2026-01-22 15:41:35,Athens,Greece,Europe,14.74,81,scattered clouds
1769089295,2026-01-22 14:41:35,Ljubljana,Slovenia,Europe,0.92,74,broken clouds
1769089295,2026-01-22 14:41:35,Zagreb,Croatia,Europe,0.37,74,few clouds
1769089144,2026-01-22 22:39:04,Tokyo,Japan,Asia,1.56,38,clear sky
1769089295,2026-01-22 21:41:35,Hong Kong,China,Asia,11.61,68,scattered clouds
1769089295,2026-01-22 21:41:35,Singapore,Singapore,Asia,25.72,73,broken clouds
1769089295,2026-01-22 22:41:35,Seoul,South Korea,Asia,-9.24,53,clear sky
1769089199,2026-01-22 21:39:59,Shanghai,China,Asia,0.88,64,clear sky
1769088812,2026-01-22 19:03:32,Mumbai,India,Asia,27.03,57,smoke
1769089064,2026-01-22 20:37:44,Bangkok,Thailand,Asia,29.25,40,overcast clouds
1769089158,2026-01-22 17:39:18,Dubai,UAE,Asia,19.01,27,clear sky
1769089295,2026-01-22 15:41:35,Tel Aviv,Israel,Asia,21.12,32,clear sky
1769089295,2026-01-22 14:41:35,Abuja,Nigeria,Africa,36.15,15,few clouds
1769089295,2026-01-22 14:41:35,Rabat,Morocco,Africa,17.37,77,broken clouds
1769089296,2026-01-22 15:41:36,Cairo,Egypt,Africa,22.33,26,haze
1769089199,2026-01-22 15:39:59,Johannesburg,South Africa,Africa,24.05,60,overcast clouds
1769089200,2026-01-22 16:40:00,Nairobi,Kenya,Africa,25.85,33,overcast clouds
1769089040,2026-01-22 10:37:20,Buenos Aires,Argentina,South America,25.07,62,clear sky
1769089296,2026-01-22 10:41:36,Rio de Janeiro,Brazil,South America,21.91,91,moderate rain
1769089274,2026-01-22 10:41:14,Santiago,Chile,South America,23.34,61,few clouds
1769089027,2026-01-22 08:37:07,Bogota,Colombia,South America,13.21,99,broken clouds
1769089296,2026-01-22 08:41:36,Lima,Peru,South America,23.21,78,clear sky
1769088572,2026-01-23 00:29:32,Sydney,Australia,Oceania,19.34,64,overcast clouds
1769088801,2026-01-23 00:33:21,Melbourne,Australia,Oceania,14.26,70,clear sky
1769089296,2026-01-23 02:41:36,Auckland,New Zealand,Oceania,18.67,66,broken clouds
1769089296,2026-01-22 13:41:36,Reykjavik,Iceland,Europe,7.77,71,light intensity drizzle rain
1769089296,2026-01-22 03:41:36,Honolulu,USA,Oceania,20.85,77,overcast clouds
1769089297,2026-01-22 15:41:37,Cape Town,South Africa,Africa,23.01,61,broken clouds
1769091353,2026-01-22 09:15:53,New York,USA,North America,4.11,56,clear sky
1769091574,2026-01-22 06:19:34,Los Angeles,USA,North America,13.76,89,mist
1769091584,2026-01-22 06:19:44,San Francisco,USA,North America,10.28,83,broken clouds
1769091401,2026-01-22 09:16:41,Toronto,Canada,North America,-3.03,70,clear sky
1769091792,2026-01-22 08:23:12,Mexico City,Mexico,North America,7.94,87,few clouds
1769091553,2026-01-22 14:19:13,London,UK,Europe,9.3,89,light rain
1769091305,2026-01-22 15:15:05,Paris,France,Europe,10.95,82,overcast clouds
1769091836,2026-01-22 15:23:56,Berlin,Germany,Europe,-0.18,71,clear sky
1769091836,2026-01-22 15:23:56,Amsterdam,Netherlands,Europe,3.83,70,clear sky
1769091836,2026-01-22 15:23:56,Zurich,Switzerland,Europe,3.34,84,overcast clouds
1769091550,2026-01-22 15:19:10,Madrid,Spain,Europe,8.24,69,few clouds
1769091792,2026-01-22 15:23:12,Rome,Italy,Europe,13.46,55,clear sky
1769091836,2026-01-22 16:23:56,Athens,Greece,Europe,14.58,83,scattered clouds
1769091836,2026-01-22 15:23:56,Ljubljana,Slovenia,Europe,0.83,70,broken clouds
1769091836,2026-01-22 15:23:56,Zagreb,Croatia,Europe,0.92,73,few clouds
1769091836,2026-01-22 23:23:56,Tokyo,Japan,Asia,1.13,39,clear sky
1769091836,2026-01-22 22:23:56,Hong Kong,China,Asia,11.86,68,scattered clouds
1769091792,2026-01-22 22:23:12,Singapore,Singapore,Asia,25.72,75,broken clouds
1769091683,2026-01-22 23:21:23,Seoul,South Korea,Asia,-9.24,57,clear sky
1769091450,2026-01-22 22:17:30,Shanghai,China,Asia,0.95,64,clear sky
1769091836,2026-01-22 19:53:56,Mumbai,India,Asia,26,73,haze
1769091753,2026-01-22 21:22:33,Bangkok,Thailand,Asia,28.62,42,overcast clouds
1769091431,2026-01-22 18:17:11,Dubai,UAE,Asia,19.01,27,clear sky
1769091702,2026-01-22 16:21:42,Tel Aviv,Israel,Asia,21.12,30,clear sky
1769091837,2026-01-22 15:23:57,Abuja,Nigeria,Africa,36.15,15,few clouds
1769091837,2026-01-22 15:23:57,Rabat,Morocco,Africa,17.37,67,broken clouds
1769091837,2026-01-22 16:23:57,Cairo,Egypt,Africa,22.33,24,haze
1769091410,2026-01-22 16:16:50,Johannesburg,South Africa,Africa,24.76,58,overcast clouds
1769091488,2026-01-22 17:18:08,Nairobi,Kenya,Africa,25.84,33,overcast clouds
1769091833,2026-01-22 11:23:53,Buenos Aires,Argentina,South America,25.7,59,clear sky
1769091675,2026-01-22 11:21:15,Rio de Janeiro,Brazil,South America,21.91,87,moderate rain
1769091837,2026-01-22 11:23:57,Santiago,Chile,South America,24.07,63,few clouds
1769091585,2026-01-22 09:19:45,Bogota,Colombia,South America,13.41,99,overcast clouds
1769091809,2026-01-22 09:23:29,Lima,Peru,South America,24.21,73,broken clouds
1769091254,2026-01-23 01:14:14,Sydney,Australia,Oceania,19.33,64,overcast clouds
1769091611,2026-01-23 01:20:11,Melbourne,Australia,Oceania,13.82,72,clear sky
1769091458,2026-01-23 03:17:38,Auckland,New Zealand,Oceania,18.61,66,scattered clouds
1769091837,2026-01-22 14:23:57,Reykjavik,Iceland,Europe,7.77,81,light intensity drizzle rain
1769091783,2026-01-22 04:23:03,Honolulu,USA,Oceania,20.91,77,overcast clouds
1769091451,2026-01-22 16:17:31,Cape Town,South Africa,Africa,23.6,63,broken clouds
1769095406,2026-01-22 10:23:26,New York,USA,North America,5.67,48,clear sky
1769095202,2026-01-22 07:20:02,Los Angeles,USA,North America,13.93,88,light rain
1769095285,2026-01-22 07:21:25,San Francisco,USA,North America,10.06,83,broken clouds
1769095337,2026-01-22 10:22:17,Toronto,Canada,North America,-3.14,58,haze
1769095387,2026-01-22 09:23:07,Mexico City,Mexico,North America,10.94,76,clear sky
1769095317,2026-01-22 15:21:57,London,UK,Europe,8.72,91,light rain
1769095303,2026-01-22 16:21:43,Paris,France,Europe,10.91,85,broken clouds
1769095407,2026-01-22 16:23:27,Berlin,Germany,Europe,-1.01,69,clear sky
1769095407,2026-01-22 16:23:27,Amsterdam,Netherlands,Europe,3.45,72,clear sky
1769095407,2026-01-22 16:23:27,Zurich,Switzerland,Europe,1.71,91,few clouds
1769095171,2026-01-22 16:19:31,Madrid,Spain,Europe,7.25,73,few clouds
1769095407,2026-01-22 16:23:27,Rome,Italy,Europe,12.72,60,clear sky
1769095306,2026-01-22 17:21:46,Athens,Greece,Europe,14.21,84,scattered clouds
1769095408,2026-01-22 16:23:28,Ljubljana,Slovenia,Europe,0.78,69,broken clouds
1769095408,2026-01-22 16:23:28,Zagreb,Croatia,Europe,0.92,73,scattered clouds
1769095317,2026-01-23 00:21:57,Tokyo,Japan,Asia,1.34,38,clear sky
1769095408,2026-01-22 23:23:28,Hong Kong,China,Asia,11.88,68,scattered clouds
1769095408,2026-01-22 23:23:28,Singapore,Singapore,Asia,25.24,77,broken clouds
1769095275,2026-01-23 00:21:15,Seoul,South Korea,Asia,-10.24,52,clear sky
1769095315,2026-01-22 23:21:55,Shanghai,China,Asia,0.88,64,clear sky
1769095409,2026-01-22 20:53:29,Mumbai,India,Asia,26,73,haze
1769095409,2026-01-22 22:23:29,Bangkok,Thailand,Asia,28.15,44,overcast clouds
1769095409,2026-01-22 19:23:29,Dubai,UAE,Asia,19.01,26,clear sky
1769095324,2026-01-22 17:22:04,Tel Aviv,Israel,Asia,20.12,30,clear sky
1769095409,2026-01-22 16:23:29,Abuja,Nigeria,Africa,35.92,16,scattered clouds
1769095409,2026-01-22 16:23:29,Rabat,Morocco,Africa,18.37,68,broken clouds
1769095178,2026-01-22 17:19:38,Cairo,Egypt,Africa,23.33,18,haze
1769095409,2026-01-22 17:23:29,Johannesburg,South Africa,Africa,24.44,60,overcast clouds
1769095410,2026-01-22 18:23:30,Nairobi,Kenya,Africa,25.02,36,broken clouds
1769095138,2026-01-22 12:18:58,Buenos Aires,Argentina,South America,26.93,54,few clouds
1769095410,2026-01-22 12:23:30,Rio de Janeiro,Brazil,South America,21.06,91,mist
1769095410,2026-01-22 12:23:30,Santiago,Chile,South America,25.28,60,clear sky
1769095410,2026-01-22 10:23:30,Bogota,Colombia,South America,16.46,88,overcast clouds
1769095410,2026-01-22 10:23:30,Lima,Peru,South America,24.21,73,overcast clouds
1769095410,2026-01-23 02:23:30,Sydney,Australia,Oceania,19.21,62,overcast clouds
1769095411,2026-01-23 02:23:31,Melbourne,Australia,Oceania,13.3,75,few clouds
1769095411,2026-01-23 04:23:31,Auckland,New Zealand,Oceania,18.3,62,broken clouds
1769095411,2026-01-22 15:23:31,Reykjavik,Iceland,Europe,7.77,100,light intensity drizzle rain
1769095268,2026-01-22 05:21:08,Honolulu,USA,Oceania,20.83,79,overcast clouds
1769095411,2026-01-22 17:23:31,Cape Town,South Africa,Africa,22.78,61,light rain
1769099171,2026-01-22 11:26:11,New York,USA,North America,6.59,45,clear sky
1769098624,2026-01-22 08:17:04,Los Angeles,USA,North America,13.93,87,mist
1769099121,2026-01-22 08:25:21,San Francisco,USA,North America,10.58,83,broken clouds
1769099143,2026-01-22 11:25:43,Toronto,Canada,North America,-2.98,56,clear sky
1769099172,2026-01-22 10:26:12,Mexico City,Mexico,North America,13.83,62,clear sky
1769098880,2026-01-22 16:21:20,London,UK,Europe,8.43,93,overcast clouds
1769099172,2026-01-22 17:26:12,Paris,France,Europe,10.18,85,broken clouds
1769099172,2026-01-22 17:26:12,Berlin,Germany,Europe,-1.88,72,few clouds
1769099172,2026-01-22 17:26:12,Amsterdam,Netherlands,Europe,2.58,72,clear sky
1769099172,2026-01-22 17:26:12,Zurich,Switzerland,Europe,0.82,92,overcast clouds
1769099142,2026-01-22 17:25:42,Madrid,Spain,Europe,6.88,74,few clouds
1769099172,2026-01-22 17:26:12,Rome,Italy,Europe,10.87,71,clear sky
1769099172,2026-01-22 18:26:12,Athens,Greece,Europe,14.19,84,broken clouds
1769099173,2026-01-22 17:26:13,Ljubljana,Slovenia,Europe,0.44,72,scattered clouds
1769099173,2026-01-22 17:26:13,Zagreb,Croatia,Europe,0.92,74,broken clouds
1769098917,2026-01-23 01:21:57,Tokyo,Japan,Asia,0.52,42,few clouds
1769099173,2026-01-23 00:26:13,Hong Kong,China,Asia,11.6,68,broken clouds
1769099173,2026-01-23 00:26:13,Singapore,Singapore,Asia,25.17,77,broken clouds
1769099173,2026-01-23 01:26:13,Seoul,South Korea,Asia,-10.24,48,clear sky
1769099173,2026-01-23 00:26:13,Shanghai,China,Asia,0.88,60,clear sky
1769099173,2026-01-22 21:56:13,Mumbai,India,Asia,26,73,mist
1769099174,2026-01-22 23:26:14,Bangkok,Thailand,Asia,26.03,53,overcast clouds
1769099103,2026-01-22 20:25:03,Dubai,UAE,Asia,19.01,27,clear sky
1769099174,2026-01-22 18:26:14,Tel Aviv,Israel,Asia,21.12,32,clear sky
1769099174,2026-01-22 17:26:14,Abuja,Nigeria,Africa,35.43,16,few clouds
1769099174,2026-01-22 17:26:14,Rabat,Morocco,Africa,17.37,67,broken clouds
1769099174,2026-01-22 18:26:14,Cairo,Egypt,Africa,21.33,26,haze
1769099174,2026-01-22 18:26:14,Johannesburg,South Africa,Africa,22.69,62,overcast clouds
1769099174,2026-01-22 19:26:14,Nairobi,Kenya,Africa,22.71,43,scattered clouds
1769099174,2026-01-22 13:26:14,Buenos Aires,Argentina,South America,28.46,46,clear sky
1769099175,2026-01-22 13:26:15,Rio de Janeiro,Brazil,South America,20.91,96,moderate rain
1769099175,2026-01-22 13:26:15,Santiago,Chile,South America,27.15,52,clear sky
1769099175,2026-01-22 11:26:15,Bogota,Colombia,South America,16.85,87,overcast clouds
1769099175,2026-01-22 11:26:15,Lima,Peru,South America,23.21,73,overcast clouds
1769099175,2026-01-23 03:26:15,Sydney,Australia,Oceania,18.8,67,overcast clouds
1769099175,2026-01-23 03:26:15,Melbourne,Australia,Oceania,12.64,78,few clouds
1769099175,2026-01-23 05:26:15,Auckland,New Zealand,Oceania,18.3,63,broken clouds
1769099175,2026-01-22 16:26:15,Reykjavik,Iceland,Europe,7.77,100,light intensity drizzle rain
1769098935,2026-01-22 06:22:15,Honolulu,USA,Oceania,20.85,80,broken clouds
1769099176,2026-01-22 18:26:16,Cape Town,South Africa,Africa,22.34,63,broken clouds
1769102411,2026-01-22 12:20:11,New York,USA,North America,7,41,clear sky
1769102355,2026-01-22 09:19:15,Los Angeles,USA,North America,15.02,82,haze
1769102589,2026-01-22 09:23:09,San Francisco,USA,North America,12.56,79,broken clouds
1769102493,2026-01-22 12:21:33,Toronto,Canada,North America,-3.1,61,scattered clouds
1769102603,2026-01-22 11:23:23,Mexico City,Mexico,North America,16.61,51,clear sky
1769102498,2026-01-22 17:21:38,London,UK,Europe,8.41,94,overcast clouds
1769102604,2026-01-22 18:23:24,Paris,France,Europe,9.43,87,overcast clouds
1769102348,2026-01-22 18:19:08,Berlin,Germany,Europe,-2.44,74,few clouds
1769102604,2026-01-22 18:23:24,Amsterdam,Netherlands,Europe,2.42,73,clear sky
1769102369,2026-01-22 18:19:29,Zurich,Switzerland,Europe,0.83,92,overcast clouds
1769102508,2026-01-22 18:21:48,Madrid,Spain,Europe,6.19,77,scattered clouds
1769102324,2026-01-22 18:18:44,Rome,Italy,Europe,10.38,74,few clouds
1769102604,2026-01-22 19:23:24,Athens,Greece,Europe,12.04,85,broken clouds
1769102604,2026-01-22 18:23:24,Ljubljana,Slovenia,Europe,-0.71,75,few clouds
1769102604,2026-01-22 18:23:24,Zagreb,Croatia,Europe,0.37,76,broken clouds
1769102589,2026-01-23 02:23:09,Tokyo,Japan,Asia,0.36,43,clear sky
1769102480,2026-01-23 01:21:20,Hong Kong,China,Asia,11.7,71,broken clouds
1769102593,2026-01-23 01:23:13,Singapore,Singapore,Asia,24.78,79,broken clouds
1769102604,2026-01-23 02:23:24,Seoul,South Korea,Asia,-13.24,66,clear sky
1769102605,2026-01-23 01:23:25,Shanghai,China,Asia,-1.12,74,clear sky
1769102583,2026-01-22 22:53:03,Mumbai,India,Asia,26,73,mist
1769102582,2026-01-23 00:23:02,Bangkok,Thailand,Asia,24.96,59,overcast clouds
1769101798,2026-01-22 21:09:58,Dubai,UAE,Asia,18.01,29,clear sky
1769102322,2026-01-22 19:18:42,Tel Aviv,Israel,Asia,21.12,32,clear sky
1769102605,2026-01-22 18:23:25,Abuja,Nigeria,Africa,34.35,17,scattered clouds
1769102605,2026-01-22 18:23:25,Rabat,Morocco,Africa,16.37,72,broken clouds
1769102398,2026-01-22 19:19:58,Cairo,Egypt,Africa,22.33,21,haze
1769102605,2026-01-22 19:23:25,Johannesburg,South Africa,Africa,20.82,69,broken clouds
1769102605,2026-01-22 20:23:25,Nairobi,Kenya,Africa,18.99,64,broken clouds
1769102580,2026-01-22 14:23:00,Buenos Aires,Argentina,South America,29.26,46,clear sky
1769102486,2026-01-22 14:21:26,Rio de Janeiro,Brazil,South America,21.06,95,moderate rain
1769102370,2026-01-22 14:19:30,Santiago,Chile,South America,28.52,48,clear sky
1769102605,2026-01-22 12:23:25,Bogota,Colombia,South America,16.85,88,overcast clouds
1769102373,2026-01-22 12:19:33,Lima,Peru,South America,23.21,78,overcast clouds
1769102365,2026-01-23 04:19:25,Sydney,Australia,Oceania,18.45,68,overcast clouds
1769102221,2026-01-23 04:17:01,Melbourne,Australia,Oceania,11.5,81,few clouds
1769102606,2026-01-23 06:23:26,Auckland,New Zealand,Oceania,18.75,68,broken clouds
1769102606,2026-01-22 17:23:26,Reykjavik,Iceland,Europe,7.77,100,broken clouds
1769102315,2026-01-22 07:18:35,Honolulu,USA,Oceania,20.49,81,broken clouds
1769102606,2026-01-22 19:23:26,Cape Town,South Africa,Africa,21.29,62,broken clouds
1769105971,2026-01-22 13:19:31,New York,USA,North America,7.93,36,scattered clouds
1769105557,2026-01-22 10:12:37,Los Angeles,USA,North America,15.65,81,haze
1769105700,2026-01-22 10:15:00,San Francisco,USA,North America,13.98,77,broken clouds
1769106152,2026-01-22 13:22:32,Toronto,Canada,North America,-3.01,67,light snow
1769105861,2026-01-22 12:17:41,Mexico City,Mexico,North America,17.72,45,few clouds
1769106153,2026-01-22 18:22:33,London,UK,Europe,8.89,92,broken clouds
1769106152,2026-01-22 19:22:32,Paris,France,Europe,8.79,88,clear sky
1769106153,2026-01-22 19:22:33,Berlin,Germany,Europe,-3.33,79,few clouds
1769106140,2026-01-22 19:22:20,Amsterdam,Netherlands,Europe,2.21,73,few clouds
1769106153,2026-01-22 19:22:33,Zurich,Switzerland,Europe,0.29,93,overcast clouds
1769106153,2026-01-22 19:22:33,Madrid,Spain,Europe,5.48,82,overcast clouds
1769106153,2026-01-22 19:22:33,Rome,Italy,Europe,9.41,77,clear sky
1769105942,2026-01-22 20:19:02,Athens,Greece,Europe,12.03,86,broken clouds
1769106153,2026-01-22 19:22:33,Ljubljana,Slovenia,Europe,-1.92,84,few clouds
1769106154,2026-01-22 19:22:34,Zagreb,Croatia,Europe,0.37,76,overcast clouds
1769106154,2026-01-23 03:22:34,Tokyo,Japan,Asia,0.9,38,clear sky
1769106154,2026-01-23 02:22:34,Hong Kong,China,Asia,11.44,71,overcast clouds
1769106154,2026-01-23 02:22:34,Singapore,Singapore,Asia,24.78,79,broken clouds
1769105721,2026-01-23 03:15:21,Seoul,South Korea,Asia,-13.24,72,clear sky
1769106154,2026-01-23 02:22:34,Shanghai,China,Asia,-1.12,74,clear sky
1769106154,2026-01-22 23:52:34,Mumbai,India,Asia,25,78,mist
1769106154,2026-01-23 01:22:34,Bangkok,Thailand,Asia,24.24,59,overcast clouds
1769106155,2026-01-22 22:22:35,Dubai,UAE,Asia,18.01,29,clear sky
1769105955,2026-01-22 20:19:15,Tel Aviv,Israel,Asia,21.12,30,clear sky
1769106155,2026-01-22 19:22:35,Abuja,Nigeria,Africa,32.17,18,scattered clouds
1769106155,2026-01-22 19:22:35,Rabat,Morocco,Africa,15.37,82,broken clouds
1769106155,2026-01-22 20:22:35,Cairo,Egypt,Africa,21.33,26,sand
1769106155,2026-01-22 20:22:35,Johannesburg,South Africa,Africa,18.95,75,broken clouds
1769106155,2026-01-22 21:22:35,Nairobi,Kenya,Africa,17.68,74,broken clouds
1769106155,2026-01-22 15:22:35,Buenos Aires,Argentina,South America,28.89,43,clear sky
1769106155,2026-01-22 15:22:35,Rio de Janeiro,Brazil,South America,21.06,91,moderate rain
1769105861,2026-01-22 15:17:41,Santiago,Chile,South America,29.65,44,clear sky
1769106156,2026-01-22 13:22:36,Bogota,Colombia,South America,16.65,84,scattered clouds
1769105861,2026-01-22 13:17:41,Lima,Peru,South America,26.21,61,overcast clouds
1769105608,2026-01-23 05:13:28,Sydney,Australia,Oceania,18.14,68,overcast clouds
1769105702,2026-01-23 05:15:02,Melbourne,Australia,Oceania,11.74,80,few clouds
1769106156,2026-01-23 07:22:36,Auckland,New Zealand,Oceania,18.5,68,scattered clouds
1769106156,2026-01-22 18:22:36,Reykjavik,Iceland,Europe,8.77,87,broken clouds
1769106018,2026-01-22 08:20:18,Honolulu,USA,Oceania,21.73,77,broken clouds
1769106157,2026-01-22 20:22:37,Cape Town,South Africa,Africa,20.04,65,few clouds
1769109082,2026-01-22 14:11:22,New York,USA,North America,8.12,35,clear sky
1769109607,2026-01-22 11:20:07,Los Angeles,USA,North America,15.97,78,haze
1769109345,2026-01-22 11:15:45,San Francisco,USA,North America,15.12,72,few clouds
1769109388,2026-01-22 14:16:28,Toronto,Canada,North America,-3.34,66,broken clouds
1769109607,2026-01-22 13:20:07,Mexico City,Mexico,North America,20.5,30,few clouds
1769109402,2026-01-22 19:16:42,London,UK,Europe,8.84,90,broken clouds
1769109393,2026-01-22 20:16:33,Paris,France,Europe,8.52,90,broken clouds
1769109087,2026-01-22 20:11:27,Berlin,Germany,Europe,-3.91,79,scattered clouds
1769109529,2026-01-22 20:18:49,Amsterdam,Netherlands,Europe,1.84,73,broken clouds
1769109607,2026-01-22 20:20:07,Zurich,Switzerland,Europe,-0.11,92,mist
1769109607,2026-01-22 20:20:07,Madrid,Spain,Europe,4.79,87,light rain
1769109338,2026-01-22 20:15:38,Rome,Italy,Europe,8.66,81,clear sky
1769109608,2026-01-22 21:20:08,Athens,Greece,Europe,11.42,89,broken clouds
1769109608,2026-01-22 20:20:08,Ljubljana,Slovenia,Europe,-1.42,81,few clouds
1769109606,2026-01-22 20:20:06,Zagreb,Croatia,Europe,0.37,76,overcast clouds
1769109608,2026-01-23 04:20:08,Tokyo,Japan,Asia,0.49,41,clear sky
1769109608,2026-01-23 03:20:08,Hong Kong,China,Asia,11.15,73,overcast clouds
1769109608,2026-01-23 03:20:08,Singapore,Singapore,Asia,24.71,79,broken clouds
1769109608,2026-01-23 04:20:08,Seoul,South Korea,Asia,-12.24,72,clear sky
1769109450,2026-01-23 03:17:30,Shanghai,China,Asia,-1.05,74,clear sky
1769109608,2026-01-23 00:50:08,Mumbai,India,Asia,25,78,mist
1769109593,2026-01-23 02:19:53,Bangkok,Thailand,Asia,23.89,62,overcast clouds
1769109365,2026-01-22 23:16:05,Dubai,UAE,Asia,18.01,32,clear sky
1769109608,2026-01-22 21:20:08,Tel Aviv,Israel,Asia,20.12,34,clear sky
1769109608,2026-01-22 20:20:08,Abuja,Nigeria,Africa,29.24,26,overcast clouds
1769109609,2026-01-22 20:20:09,Rabat,Morocco,Africa,15.37,94,broken clouds
1769109312,2026-01-22 21:15:12,Cairo,Egypt,Africa,19.33,39,sand
1769109609,2026-01-22 21:20:09,Johannesburg,South Africa,Africa,17.83,80,scattered clouds
1769109609,2026-01-22 22:20:09,Nairobi,Kenya,Africa,16.88,78,few clouds
1769109468,2026-01-22 16:17:48,Buenos Aires,Argentina,South America,29.45,41,clear sky
1769109341,2026-01-22 16:15:41,Rio de Janeiro,Brazil,South America,22.2,89,overcast clouds
1769109374,2026-01-22 16:16:14,Santiago,Chile,South America,30.28,41,clear sky
1769109317,2026-01-22 14:15:17,Bogota,Colombia,South America,16.66,81,scattered clouds
1769109394,2026-01-22 14:16:34,Lima,Peru,South America,27.21,61,broken clouds
1769109545,2026-01-23 06:19:05,Sydney,Australia,Oceania,17.7,72,broken clouds
1769109435,2026-01-23 06:17:15,Melbourne,Australia,Oceania,11.09,83,broken clouds
1769109609,2026-01-23 08:20:09,Auckland,New Zealand,Oceania,19.85,64,scattered clouds
1769109609,2026-01-22 19:20:09,Reykjavik,Iceland,Europe,8.77,81,broken clouds
1769109358,2026-01-22 09:15:58,Honolulu,USA,Oceania,22,80,broken clouds
1769109610,2026-01-22 21:20:10,Cape Town,South Africa,Africa,19.15,63,few clouds
1769113115,2026-01-22 15:18:35,New York,USA,North America,8.48,34,clear sky
1769113062,2026-01-22 12:17:42,Los Angeles,USA,North America,16.96,76,haze
1769113000,2026-01-22 12:16:40,San Francisco,USA,North America,16.27,69,few clouds
1769113054,2026-01-22 15:17:34,Toronto,Canada,North America,-4.19,69,broken clouds
1769113040,2026-01-22 14:17:20,Mexico City,Mexico,North America,21.61,26,scattered clouds
1769113129,2026-01-22 20:18:49,London,UK,Europe,8.66,89,light rain
1769113129,2026-01-22 21:18:49,Paris,France,Europe,7.71,92,clear sky
1769113129,2026-01-22 21:18:49,Berlin,Germany,Europe,-3.7,79,few clouds
1769113130,2026-01-22 21:18:50,Amsterdam,Netherlands,Europe,1.7,73,broken clouds
1769113130,2026-01-22 21:18:50,Zurich,Switzerland,Europe,-0.56,94,mist
1769113130,2026-01-22 21:18:50,Madrid,Spain,Europe,4.17,90,heavy snow
1769113123,2026-01-22 21:18:43,Rome,Italy,Europe,8.18,81,clear sky
1769113130,2026-01-22 22:18:50,Athens,Greece,Europe,11.43,90,broken clouds
1769113130,2026-01-22 21:18:50,Ljubljana,Slovenia,Europe,-1.23,79,clear sky
1769113130,2026-01-22 21:18:50,Zagreb,Croatia,Europe,0.92,76,overcast clouds
1769113017,2026-01-23 05:16:57,Tokyo,Japan,Asia,0.48,41,clear sky
1769113131,2026-01-23 04:18:51,Hong Kong,China,Asia,11.07,72,overcast clouds
1769113131,2026-01-23 04:18:51,Singapore,Singapore,Asia,24.23,82,broken clouds
1769113131,2026-01-23 05:18:51,Seoul,South Korea,Asia,-14.24,72,clear sky
1769113131,2026-01-23 04:18:51,Shanghai,China,Asia,-2.12,80,clear sky
1769113131,2026-01-23 01:48:51,Mumbai,India,Asia,25,78,mist
1769113131,2026-01-23 03:18:51,Bangkok,Thailand,Asia,24.24,59,overcast clouds
1769113012,2026-01-23 00:16:52,Dubai,UAE,Asia,18.01,32,clear sky
1769113131,2026-01-22 22:18:51,Tel Aviv,Israel,Asia,19.01,45,clear sky
1769113132,2026-01-22 21:18:52,Abuja,Nigeria,Africa,26.24,39,overcast clouds
1769113132,2026-01-22 21:18:52,Rabat,Morocco,Africa,15.37,94,broken clouds
1769113132,2026-01-22 22:18:52,Cairo,Egypt,Africa,18.33,52,sand
1769113132,2026-01-22 22:18:52,Johannesburg,South Africa,Africa,16.73,84,few clouds
1769113132,2026-01-22 23:18:52,Nairobi,Kenya,Africa,16.34,81,scattered clouds
1769113132,2026-01-22 17:18:52,Buenos Aires,Argentina,South America,29.36,42,clear sky
1769113132,2026-01-22 17:18:52,Rio de Janeiro,Brazil,South America,22.06,91,overcast clouds
1769113132,2026-01-22 17:18:52,Santiago,Chile,South America,30.36,41,clear sky
1769113133,2026-01-22 15:18:53,Bogota,Colombia,South America,16.56,79,overcast clouds
1769113133,2026-01-22 15:18:53,Lima,Peru,South America,28.21,54,few clouds
1769112946,2026-01-23 07:15:46,Sydney,Australia,Oceania,17.64,75,broken clouds
1769113133,2026-01-23 07:18:53,Melbourne,Australia,Oceania,12.63,79,scattered clouds
1769112734,2026-01-23 09:12:14,Auckland,New Zealand,Oceania,20.75,60,broken clouds
1769113133,2026-01-22 20:18:53,Reykjavik,Iceland,Europe,8.77,81,broken clouds
1769112962,2026-01-22 10:16:02,Honolulu,USA,Oceania,23.59,72,broken clouds
1769113133,2026-01-22 22:18:53,Cape Town,South Africa,Africa,18.52,64,clear sky
1769116506,2026-01-22 16:15:06,New York,USA,North America,7.99,33,clear sky
1769116009,2026-01-22 13:06:49,Los Angeles,USA,North America,17.57,72,scattered clouds
1769116500,2026-01-22 13:15:00,San Francisco,USA,North America,16.39,67,few clouds
1769116328,2026-01-22 16:12:08,Toronto,Canada,North America,-4.91,63,broken clouds
1769116383,2026-01-22 15:13:03,Mexico City,Mexico,North America,21.61,26,scattered clouds
1769116436,2026-01-22 21:13:56,London,UK,Europe,8.28,89,broken clouds
1769116602,2026-01-22 22:16:42,Paris,France,Europe,6.85,95,few clouds
1769116517,2026-01-22 22:15:17,Berlin,Germany,Europe,-3.79,78,few clouds
1769116368,2026-01-22 22:12:48,Amsterdam,Netherlands,Europe,1.7,74,broken clouds
1769116602,2026-01-22 22:16:42,Zurich,Switzerland,Europe,-0.24,93,fog
1769116549,2026-01-22 22:15:49,Madrid,Spain,Europe,4.05,91,light rain
1769116603,2026-01-22 22:16:43,Rome,Italy,Europe,7.77,81,clear sky
1769116402,2026-01-22 23:13:22,Athens,Greece,Europe,11.34,91,broken clouds
1769116465,2026-01-22 22:14:25,Ljubljana,Slovenia,Europe,-1.26,81,clear sky
1769116072,2026-01-22 22:07:52,Zagreb,Croatia,Europe,0.37,77,overcast clouds
1769116435,2026-01-23 06:13:55,Tokyo,Japan,Asia,-0.15,44,few clouds
1769116422,2026-01-23 05:13:42,Hong Kong,China,Asia,11.15,74,overcast clouds
1769116392,2026-01-23 05:13:12,Singapore,Singapore,Asia,24.23,82,broken clouds
1769116604,2026-01-23 06:16:44,Seoul,South Korea,Asia,-13.24,78,clear sky
1769116372,2026-01-23 05:12:52,Shanghai,China,Asia,-2.12,80,clear sky
1769116604,2026-01-23 02:46:44,Mumbai,India,Asia,25,78,mist
1769116604,2026-01-23 04:16:44,Bangkok,Thailand,Asia,23.17,63,overcast clouds
1769116509,2026-01-23 01:15:09,Dubai,UAE,Asia,16.01,36,clear sky
1769116604,2026-01-22 23:16:44,Tel Aviv,Israel,Asia,18,60,clear sky
1769116604,2026-01-22 22:16:44,Abuja,Nigeria,Africa,26.24,39,overcast clouds
1769116605,2026-01-22 22:16:45,Rabat,Morocco,Africa,15.37,94,overcast clouds
1769116605,2026-01-22 23:16:45,Cairo,Egypt,Africa,18.33,52,scattered clouds
1769116605,2026-01-22 23:16:45,Johannesburg,South Africa,Africa,16.05,88,few clouds
1769116605,2026-01-23 00:16:45,Nairobi,Kenya,Africa,16.01,81,scattered clouds
1769116124,2026-01-22 18:08:44,Buenos Aires,Argentina,South America,27.47,48,clear sky
1769116605,2026-01-22 18:16:45,Rio de Janeiro,Brazil,South America,22.06,91,overcast clouds
1769116606,2026-01-22 18:16:46,Santiago,Chile,South America,29.75,44,clear sky
1769116440,2026-01-22 16:14:00,Bogota,Colombia,South America,16.67,80,overcast clouds
1769116606,2026-01-22 16:16:46,Lima,Peru,South America,27.21,57,clear sky
1769116030,2026-01-23 08:07:10,Sydney,Australia,Oceania,18.65,73,broken clouds
1769116322,2026-01-23 08:12:02,Melbourne,Australia,Oceania,13.24,75,few clouds
1769116472,2026-01-23 10:14:32,Auckland,New Zealand,Oceania,21.19,60,broken clouds
1769116606,2026-01-22 21:16:46,Reykjavik,Iceland,Europe,7.77,100,broken clouds
1769116375,2026-01-22 11:12:55,Honolulu,USA,Oceania,23.53,71,broken clouds
1769116467,2026-01-22 23:14:27,Cape Town,South Africa,Africa,18.24,64,clear sky
1769119871,2026-01-22 17:11:11,New York,USA,North America,7.77,35,clear sky
1769120101,2026-01-22 14:15:01,Los Angeles,USA,North America,17.74,69,haze
1769119994,2026-01-22 14:13:14,San Francisco,USA,North America,16.52,69,scattered clouds
1769119703,2026-01-22 17:08:23,Toronto,Canada,North America,-5.81,68,scattered clouds
1769119933,2026-01-22 16:12:13,Mexico City,Mexico,North America,19.97,34,broken clouds
1769119875,2026-01-22 22:11:15,London,UK,Europe,8.18,87,scattered clouds
1769120199,2026-01-22 23:16:39,Paris,France,Europe,6.77,92,scattered clouds
1769119919,2026-01-22 23:11:59,Berlin,Germany,Europe,-4.03,78,mist
1769120199,2026-01-22 23:16:39,Amsterdam,Netherlands,Europe,1.68,74,broken clouds
1769120199,2026-01-22 23:16:39,Zurich,Switzerland,Europe,-0.84,94,fog
1769120192,2026-01-22 23:16:32,Madrid,Spain,Europe,4.36,94,broken clouds
1769120162,2026-01-22 23:16:02,Rome,Italy,Europe,7.1,82,clear sky
1769120200,2026-01-23 00:16:40,Athens,Greece,Europe,11.14,91,scattered clouds
1769120200,2026-01-22 23:16:40,Ljubljana,Slovenia,Europe,-1.97,82,few clouds
1769120200,2026-01-22 23:16:40,Zagreb,Croatia,Europe,0.37,80,overcast clouds
1769120035,2026-01-23 07:13:55,Tokyo,Japan,Asia,-0.19,46,few clouds
1769120176,2026-01-23 06:16:16,Hong Kong,China,Asia,11.15,74,overcast clouds
1769120200,2026-01-23 06:16:40,Singapore,Singapore,Asia,24.23,82,broken clouds
1769120200,2026-01-23 07:16:40,Seoul,South Korea,Asia,-14.24,78,clear sky
1769120024,2026-01-23 06:13:44,Shanghai,China,Asia,-1.12,80,clear sky
1769120201,2026-01-23 03:46:41,Mumbai,India,Asia,24,83,mist
1769120201,2026-01-23 05:16:41,Bangkok,Thailand,Asia,22.82,66,overcast clouds
1769119747,2026-01-23 02:09:07,Dubai,UAE,Asia,15.01,38,clear sky
1769120201,2026-01-23 00:16:41,Tel Aviv,Israel,Asia,18,56,light rain
1769120201,2026-01-22 23:16:41,Abuja,Nigeria,Africa,25.24,38,overcast clouds
1769120201,2026-01-22 23:16:41,Rabat,Morocco,Africa,15.37,88,overcast clouds
1769120118,2026-01-23 00:15:18,Cairo,Egypt,Africa,17.33,55,scattered clouds
1769120201,2026-01-23 00:16:41,Johannesburg,South Africa,Africa,15.35,90,clear sky
1769120201,2026-01-23 01:16:41,Nairobi,Kenya,Africa,15.64,81,scattered clouds
1769119730,2026-01-22 19:08:50,Buenos Aires,Argentina,South America,26.8,55,clear sky
1769120202,2026-01-22 19:16:42,Rio de Janeiro,Brazil,South America,21.91,92,overcast clouds
1769120011,2026-01-22 19:13:31,Santiago,Chile,South America,28.4,46,clear sky
1769119966,2026-01-22 17:12:46,Bogota,Colombia,South America,16.67,79,overcast clouds
1769120196,2026-01-22 17:16:36,Lima,Peru,South America,27.21,57,clear sky
1769119745,2026-01-23 09:09:05,Sydney,Australia,Oceania,20.21,68,broken clouds
1769120065,2026-01-23 09:14:25,Melbourne,Australia,Oceania,15.86,67,few clouds
1769120202,2026-01-23 11:16:42,Auckland,New Zealand,Oceania,22.05,50,broken clouds
1769120202,2026-01-22 22:16:42,Reykjavik,Iceland,Europe,8.77,93,broken clouds
1769120100,2026-01-22 12:15:00,Honolulu,USA,Oceania,24.38,67,broken clouds
1769120073,2026-01-23 00:14:33,Cape Town,South Africa,Africa,18.91,65,clear sky
1769123314,2026-01-22 18:08:34,New York,USA,North America,6.4,47,clear sky
1769123686,2026-01-22 15:14:46,Los Angeles,USA,North America,17.35,72,broken clouds
1769123473,2026-01-22 15:11:13,San Francisco,USA,North America,16.57,69,scattered clouds
1769122919,2026-01-22 18:01:59,Toronto,Canada,North America,-6.52,67,light snow
1769123710,2026-01-22 17:15:10,Mexico City,Mexico,North America,17.72,36,broken clouds
1769123699,2026-01-22 23:14:59,London,UK,Europe,7.77,89,broken clouds
1769123710,2026-01-23 00:15:10,Paris,France,Europe,6.21,95,few clouds
1769123710,2026-01-23 00:15:10,Berlin,Germany,Europe,-3.94,77,few clouds
1769123428,2026-01-23 00:10:28,Amsterdam,Netherlands,Europe,1.68,75,broken clouds
1769123711,2026-01-23 00:15:11,Zurich,Switzerland,Europe,-1.24,93,fog
1769123711,2026-01-23 00:15:11,Madrid,Spain,Europe,4.46,96,mist
1769123672,2026-01-23 00:14:32,Rome,Italy,Europe,7.9,76,clear sky
1769123711,2026-01-23 01:15:11,Athens,Greece,Europe,10.8,92,broken clouds
1769123711,2026-01-23 00:15:11,Ljubljana,Slovenia,Europe,-2.85,83,scattered clouds
1769123711,2026-01-23 00:15:11,Zagreb,Croatia,Europe,0.37,81,overcast clouds
1769123711,2026-01-23 08:15:11,Tokyo,Japan,Asia,0.86,51,few clouds
1769123522,2026-01-23 07:12:02,Hong Kong,China,Asia,11.15,71,overcast clouds
1769123711,2026-01-23 07:15:11,Singapore,Singapore,Asia,24.23,82,broken clouds
1769123712,2026-01-23 08:15:12,Seoul,South Korea,Asia,-14.24,78,clear sky
1769123250,2026-01-23 07:07:30,Shanghai,China,Asia,-2.05,80,clear sky
1769123712,2026-01-23 04:45:12,Mumbai,India,Asia,24,78,mist
1769123400,2026-01-23 06:10:00,Bangkok,Thailand,Asia,22.45,66,overcast clouds
1769123452,2026-01-23 03:10:52,Dubai,UAE,Asia,15.01,38,clear sky
1769123712,2026-01-23 01:15:12,Tel Aviv,Israel,Asia,15.36,64,few clouds
1769123712,2026-01-23 00:15:12,Abuja,Nigeria,Africa,24.24,41,broken clouds
1769123712,2026-01-23 00:15:12,Rabat,Morocco,Africa,14.37,94,overcast clouds
1769123712,2026-01-23 01:15:12,Cairo,Egypt,Africa,16.33,59,scattered clouds
1769123712,2026-01-23 01:15:12,Johannesburg,South Africa,Africa,14.7,91,clear sky
1769123713,2026-01-23 02:15:13,Nairobi,Kenya,Africa,15.37,80,scattered clouds
1769123141,2026-01-22 20:05:41,Buenos Aires,Argentina,South America,25.79,62,clear sky
1769123713,2026-01-22 20:15:13,Rio de Janeiro,Brazil,South America,21.91,94,overcast clouds
1769123713,2026-01-22 20:15:13,Santiago,Chile,South America,26.5,50,clear sky
1769123701,2026-01-22 18:15:01,Bogota,Colombia,South America,15.77,78,scattered clouds
1769123593,2026-01-22 18:13:13,Lima,Peru,South America,25.21,65,clear sky
1769123544,2026-01-23 10:12:24,Sydney,Australia,Oceania,21.23,63,broken clouds
1769123708,2026-01-23 10:15:08,Melbourne,Australia,Oceania,18.39,58,few clouds
1769123713,2026-01-23 12:15:13,Auckland,New Zealand,Oceania,23.08,61,broken clouds
1769123713,2026-01-22 23:15:13,Reykjavik,Iceland,Europe,7.77,100,moderate rain
1769123523,2026-01-22 13:12:03,Honolulu,USA,Oceania,25.04,65,broken clouds
1769123675,2026-01-23 01:14:35,Cape Town,South Africa,Africa,18.55,69,scattered clouds
1769130678,2026-01-22 20:11:18,New York,USA,North America,5.66,33,clear sky
1769130549,2026-01-22 17:09:09,Los Angeles,USA,North America,16.18,76,haze
1769130678,2026-01-22 17:11:18,San Francisco,USA,North America,14.47,71,scattered clouds
1769130075,2026-01-22 20:01:15,Toronto,Canada,North America,-7.5,70,clear sky
1769130600,2026-01-22 19:10:00,Mexico City,Mexico,North America,17.75,34,broken clouds
1769130679,2026-01-23 01:11:19,London,UK,Europe,7.5,90,broken clouds
1769130679,2026-01-23 02:11:19,Paris,France,Europe,6.03,95,overcast clouds
1769130679,2026-01-23 02:11:19,Berlin,Germany,Europe,-4.46,87,broken clouds
1769130398,2026-01-23 02:06:38,Amsterdam,Netherlands,Europe,1.67,73,scattered clouds
1769130679,2026-01-23 02:11:19,Zurich,Switzerland,Europe,-1.47,94,mist
1769130679,2026-01-23 02:11:19,Madrid,Spain,Europe,4.61,96,mist
1769130436,2026-01-23 02:07:16,Rome,Italy,Europe,7.26,78,clear sky
1769130679,2026-01-23 03:11:19,Athens,Greece,Europe,9.65,91,few clouds
1769130680,2026-01-23 02:11:20,Ljubljana,Slovenia,Europe,-2.81,85,overcast clouds
1769130680,2026-01-23 02:11:20,Zagreb,Croatia,Europe,0.37,81,overcast clouds
1769130177,2026-01-23 10:02:57,Tokyo,Japan,Asia,5.42,32,few clouds
1769130473,2026-01-23 09:07:53,Hong Kong,China,Asia,11.67,72,overcast clouds
1769130605,2026-01-23 09:10:05,Singapore,Singapore,Asia,25.65,77,broken clouds
1769130680,2026-01-23 10:11:20,Seoul,South Korea,Asia,-5.24,39,clear sky
1769130526,2026-01-23 09:08:46,Shanghai,China,Asia,3.94,60,clear sky
1769130680,2026-01-23 06:41:20,Mumbai,India,Asia,24,78,mist
1769130428,2026-01-23 08:07:08,Bangkok,Thailand,Asia,23.17,65,broken clouds
1769130681,2026-01-23 05:11:21,Dubai,UAE,Asia,18.01,29,clear sky
1769130411,2026-01-23 03:06:51,Tel Aviv,Israel,Asia,16.13,64,light rain
1769130681,2026-01-23 02:11:21,Abuja,Nigeria,Africa,26.03,20,clear sky
1769130681,2026-01-23 02:11:21,Rabat,Morocco,Africa,14.37,94,overcast clouds
1769130473,2026-01-23 03:07:53,Cairo,Egypt,Africa,14.33,67,clear sky
1769130681,2026-01-23 03:11:21,Johannesburg,South Africa,Africa,14.67,94,overcast clouds
1769130681,2026-01-23 04:11:21,Nairobi,Kenya,Africa,14.25,84,overcast clouds
1769130682,2026-01-22 22:11:22,Buenos Aires,Argentina,South America,24.12,69,clear sky
1769130682,2026-01-22 22:11:22,Rio de Janeiro,Brazil,South America,21.91,94,light intensity drizzle
1769130682,2026-01-22 22:11:22,Santiago,Chile,South America,25.87,52,clear sky
1769130682,2026-01-22 20:11:22,Bogota,Colombia,South America,14.3,84,few clouds
1769130435,2026-01-22 20:07:15,Lima,Peru,South America,24.21,69,clear sky
1769130569,2026-01-23 12:09:29,Sydney,Australia,Oceania,22.65,60,scattered clouds
1769130237,2026-01-23 12:03:57,Melbourne,Australia,Oceania,22.85,41,clear sky
1769130162,2026-01-23 14:02:42,Auckland,New Zealand,Oceania,23.63,65,scattered clouds
1769130682,2026-01-23 01:11:22,Reykjavik,Iceland,Europe,6.77,87,scattered clouds
1769130510,2026-01-22 15:08:30,Honolulu,USA,Oceania,23.86,65,light rain
1769130683,2026-01-23 03:11:23,Cape Town,South Africa,Africa,17.62,71,clear sky
1769138881,2026-01-22 22:28:01,New York,USA,North America,4.6,25,clear sky
1769138773,2026-01-22 19:26:13,Los Angeles,USA,North America,15.31,82,mist
1769138819,2026-01-22 19:26:59,San Francisco,USA,North America,11.96,82,few clouds
1769138738,2026-01-22 22:25:38,Toronto,Canada,North America,-7,69,few clouds
1769138677,2026-01-22 21:24:37,Mexico City,Mexico,North America,16.61,42,broken clouds
1769138665,2026-01-23 03:24:25,London,UK,Europe,7.03,90,broken clouds
1769138882,2026-01-23 04:28:02,Paris,France,Europe,5.47,96,overcast clouds
1769138882,2026-01-23 04:28:02,Berlin,Germany,Europe,-5.38,78,broken clouds
1769138882,2026-01-23 04:28:02,Amsterdam,Netherlands,Europe,2.37,86,light intensity drizzle
1769138882,2026-01-23 04:28:02,Zurich,Switzerland,Europe,-1.77,95,broken clouds
1769138882,2026-01-23 04:28:02,Madrid,Spain,Europe,4.81,96,mist
1769138882,2026-01-23 04:28:02,Rome,Italy,Europe,6.09,81,clear sky
1769138882,2026-01-23 05:28:02,Athens,Greece,Europe,8.7,92,scattered clouds
1769138882,2026-01-23 04:28:02,Ljubljana,Slovenia,Europe,-3.33,85,overcast clouds
1769138882,2026-01-23 04:28:02,Zagreb,Croatia,Europe,-0.19,82,overcast clouds
1769138517,2026-01-23 12:21:57,Tokyo,Japan,Asia,7.52,25,few clouds
1769138883,2026-01-23 11:28:03,Hong Kong,China,Asia,13.74,67,overcast clouds
1769138793,2026-01-23 11:26:33,Singapore,Singapore,Asia,28.07,67,scattered clouds
1769138883,2026-01-23 12:28:03,Seoul,South Korea,Asia,-3.24,24,clear sky
1769138638,2026-01-23 11:23:58,Shanghai,China,Asia,6.88,45,clear sky
1769138758,2026-01-23 08:55:58,Mumbai,India,Asia,24,78,mist
1769138883,2026-01-23 10:28:03,Bangkok,Thailand,Asia,29.04,44,broken clouds
1769138787,2026-01-23 07:26:27,Dubai,UAE,Asia,16.01,36,clear sky
1769138884,2026-01-23 05:28:04,Tel Aviv,Israel,Asia,15.03,68,few clouds
1769138884,2026-01-23 04:28:04,Abuja,Nigeria,Africa,20.24,46,scattered clouds
1769138884,2026-01-23 04:28:04,Rabat,Morocco,Africa,15.37,88,overcast clouds
1769138884,2026-01-23 05:28:04,Cairo,Egypt,Africa,14.33,67,clear sky
1769138884,2026-01-23 05:28:04,Johannesburg,South Africa,Africa,13.51,93,overcast clouds
1769138884,2026-01-23 06:28:04,Nairobi,Kenya,Africa,13.82,82,overcast clouds
1769138820,2026-01-23 00:27:00,Buenos Aires,Argentina,South America,22.65,82,clear sky
1769138884,2026-01-23 00:28:04,Rio de Janeiro,Brazil,South America,21.91,94,light intensity drizzle
1769138884,2026-01-23 00:28:04,Santiago,Chile,South America,22.92,59,clear sky
1769138885,2026-01-22 22:28:05,Bogota,Colombia,South America,13.32,94,broken clouds
1769138791,2026-01-22 22:26:31,Lima,Peru,South America,23.21,69,scattered clouds
1769138567,2026-01-23 14:22:47,Sydney,Australia,Oceania,23.25,56,broken clouds
1769138885,2026-01-23 14:28:05,Melbourne,Australia,Oceania,25.53,39,clear sky
1769138885,2026-01-23 16:28:05,Auckland,New Zealand,Oceania,21.86,77,broken clouds
1769138885,2026-01-23 03:28:05,Reykjavik,Iceland,Europe,6.77,76,broken clouds
1769138694,2026-01-22 17:24:54,Honolulu,USA,Oceania,23.32,70,overcast clouds
1769138885,2026-01-23 05:28:05,Cape Town,South Africa,Africa,16.91,72,clear sky
